{"p_param_0": 1.8895843521026459, "p_param_1": 5.416273224173366, "p_param_10": -2.291396922449891, "p_param_100": 2.7558435135903863, "p_param_101": 4.265459630784008, "p_param_102": -6.126758842405829, "p_param_103": 5.504945903877738, "p_param_104": -1.212353175726774, "p_param_105": 5.432656285830363, "p_param_106": 4.600394765516475, "p_param_107": 4.206373475857296, "p_param_108": -1.3758364042667695, "p_param_109": -0.6549629567447985, "p_param_11": -3.2507152678325912, "p_param_110": -1.5334969308276698, "p_param_111": -5.63280984652746, "p_param_112": 3.8344235109383034, "p_param_113": 5.7306866193711015, "p_param_114": -5.607405192728365, "p_param_115": 2.3875723882836666, "p_param_116": 3.848101109656936, "p_param_117": -1.0342843243864341, "p_param_118": 1.022977102957178, "p_param_119": 1.0984088389772475, "p_param_12": 4.723158777766956, "p_param_120": 0.5140634362956121, "p_param_121": -6.069022265139534, "p_param_122": 2.303419302512163, "p_param_123": -4.537554863656567, "p_param_124": 3.430878046846214, "p_param_125": 6.648736652523264, "p_param_126": -4.7704306104611796, "p_param_127": 0.2277050633775139, "p_param_128": -3.120867765496522, "p_param_129": 0.0004461382257550247, "p_param_13": 1.5514061857242845, "p_param_130": -5.028059001870551, "p_param_131": -0.23832465406470202, "p_param_132": -1.6763200557336473, "p_param_133": -3.0625693737786035, "p_param_134": 5.451237949925948, "p_param_135": 4.495309031398147, "p_param_136": -2.667925678032095, "p_param_137": 1.245269934740017, "p_param_138": 1.5532947115997662, "p_param_139": 5.183416111126259, "p_param_14": -5.591463846604498, "p_param_140": 3.3128449481561826, "p_param_141": -2.832092580850992, "p_param_142": -3.420111997172519, "p_param_143": -3.591659334933406, "p_param_144": -5.813279949431985, "p_param_145": -2.469923206858505, "p_param_146": -5.370040422367434, "p_param_147": 3.780256011695416, "p_param_148": 1.653486903388927, "p_param_149": 3.8005258783144305, "p_param_15": 5.306166337796783, "p_param_150": 0.8079038886631146, "p_param_151": 5.48488361027493, "p_param_152": 3.9089700710630044, "p_param_153": 5.047934999837042, "p_param_154": -2.1247107438717134, "p_param_16": -3.086352708082528, "p_param_17": -2.191254041742733, "p_param_18": 1.2126904242002983, "p_param_19": 6.108047047902722, "p_param_2": 0.7879366149308336, "p_param_20": 4.8691087927919074, "p_param_21": -2.6942373531419386, "p_param_22": 5.30606549312312, "p_param_23": -3.927053775431043, "p_param_24": -0.9691163641149383, "p_param_25": 2.096931279330691, "p_param_26": 3.0975299918886705, "p_param_27": 3.2953208268798617, "p_param_28": 4.990808486023362, "p_param_29": 4.811536104598904, "p_param_3": -3.8217789005465876, "p_param_30": 1.4658985291478506, "p_param_31": 3.379960107586154, "p_param_32": -2.2568316005257176, "p_param_33": -2.4699166590678505, "p_param_34": -3.9191844945442886, "p_param_35": 2.7537155918787257, "p_param_36": 3.7515581796341295, "p_param_37": 2.338380185283555, "p_param_38": 4.622328250962615, "p_param_39": -0.39589233516175676, "p_param_4": 0.32784527665927743, "p_param_40": 0.7152846944437686, "p_param_41": -1.6336951599147356, "p_param_42": -1.5292093601999588, "p_param_43": -3.15455512273504, "p_param_44": -2.0997531346671368, "p_param_45": -1.1423135483064557, "p_param_46": 2.4160125762434537, "p_param_47": 1.7250649464307743, "p_param_48": 0.7244388392932695, "p_param_49": -1.3099424699658146, "p_param_5": 4.332005563930949, "p_param_50": -2.1596687036449524, "p_param_51": 3.28505863788799, "p_param_52": -4.681644415457999, "p_param_53": 2.075068937024897, "p_param_54": 5.982981913832544, "p_param_55": -0.7636886629606976, "p_param_56": -2.4646065166655373, "p_param_57": 4.468903062803357, "p_param_58": -3.6973077090357522, "p_param_59": -4.829229616243271, "p_param_6": -1.2540074465709532, "p_param_60": 4.653649673600924, "p_param_61": -2.405109330022406, "p_param_62": 2.976016217064949, "p_param_63": -3.1988361537265013, "p_param_64": -3.1702867919407116, "p_param_65": 4.407677631379987, "p_param_66": 2.1303122243550847, "p_param_67": -2.6031060576455234, "p_param_68": 0.09193460205812377, "p_param_69": 4.030159208742603, "p_param_7": 2.269966960892821, "p_param_70": -4.042418135800561, "p_param_71": -3.8212489258992104, "p_param_72": 3.6101409056638647, "p_param_73": -0.81834323610315, "p_param_74": 1.6094201443249616, "p_param_75": -1.7859008466662105, "p_param_76": -0.5363748151189238, "p_param_77": 4.41737545199829, "p_param_78": 0.6987152112362733, "p_param_79": -0.8513622667444105, "p_param_8": -6.069178747973987, "p_param_80": -4.535384404769388, "p_param_81": -1.5625040244547699, "p_param_82": -1.9986071794478881, "p_param_83": -3.1092374349411167, "p_param_84": -3.4713660332085823, "p_param_85": 2.6801944604131642, "p_param_86": -3.804381203922952, "p_param_87": -0.37391478864527267, "p_param_88": -2.4898528494079595, "p_param_89": -4.426339855092436, "p_param_9": 1.5789751744697096, "p_param_90": -4.5030039764859335, "p_param_91": -5.201197794541249, "p_param_92": -0.7579798739848171, "p_param_93": 4.3774392234128205, "p_param_94": -4.832147153983024, "p_param_95": -6.04456206876175, "p_param_96": 4.747488205863189, "p_param_97": 4.081972701422426, "p_param_98": 4.991101341858644, "p_param_99": 1.3380492227475969}