{"p_param_0": 62.43193399708302, "p_param_1": 1.6044867856483722, "p_param_10": 56.37864728835687, "p_param_100": 39.40664665132057, "p_param_101": 22.06221457433874, "p_param_102": 26.713878446922646, "p_param_103": 44.04178497369109, "p_param_104": 28.288287104664242, "p_param_105": 31.44787312070782, "p_param_106": 17.44154715694829, "p_param_107": 40.35311359201129, "p_param_108": 38.6994806077435, "p_param_109": 34.07401281889419, "p_param_11": 31.591379977611016, "p_param_110": 3.6706301308042995, "p_param_111": 41.73959062686888, "p_param_112": 54.64634330833127, "p_param_113": 48.530170808603906, "p_param_114": 50.881492398339326, "p_param_115": 47.96821459510005, "p_param_116": 49.62099159773591, "p_param_117": 61.48002695998701, "p_param_118": 3.398093648117112, "p_param_119": 17.900955491849917, "p_param_12": 14.237434605261441, "p_param_120": 31.34149322015781, "p_param_121": 14.89576193175111, "p_param_122": 49.098231709435154, "p_param_123": 20.18905929400565, "p_param_124": 30.27433463715031, "p_param_125": 62.04973883694246, "p_param_126": 16.38915105697141, "p_param_127": 53.96664009276582, "p_param_128": 6.941870644642984, "p_param_129": 32.607054390112886, "p_param_13": 6.286228091441612, "p_param_130": 55.387968634593804, "p_param_131": 21.157852724344387, "p_param_132": 57.58431387914328, "p_param_133": 36.220589273947155, "p_param_134": 28.17949787156139, "p_param_135": 2.720006551486464, "p_param_136": 29.903929792879634, "p_param_137": 42.32888436852899, "p_param_138": 37.609970027185526, "p_param_139": 16.618884006763416, "p_param_14": 22.716941076533978, "p_param_140": 24.357341874503053, "p_param_141": 13.120160380434973, "p_param_142": 55.09241418977996, "p_param_143": 52.3679942816013, "p_param_144": 59.38205011003759, "p_param_145": 45.08880039232097, "p_param_146": 57.114148127066905, "p_param_147": 39.926062758928644, "p_param_148": 43.281793250039264, "p_param_149": 1.941065517048989, "p_param_15": 20.22278653202429, "p_param_150": 39.80530073770152, "p_param_151": 47.17098238272329, "p_param_152": 33.303417313763376, "p_param_153": 6.621471594037841, "p_param_154": 37.75648853845279, "p_param_16": 1.7140173660006435, "p_param_17": 19.555655549253718, "p_param_18": 14.529688980340676, "p_param_19": 51.956967516295556, "p_param_2": 40.36546197752236, "p_param_20": 26.085057426891574, "p_param_21": 19.81312380718331, "p_param_22": 16.908884521147023, "p_param_23": 5.846889610533266, "p_param_24": 9.984883973209085, "p_param_25": 55.826283338478355, "p_param_26": 0.8614297663753384, "p_param_27": 20.818729004760545, "p_param_28": 53.70221523241787, "p_param_29": 33.568932411172206, "p_param_3": 21.96637835290235, "p_param_30": 34.59492512585039, "p_param_31": 16.0542820352836, "p_param_32": 36.15075278419521, "p_param_33": 23.49504291675029, "p_param_34": 26.68975454941212, "p_param_35": 33.613286016530374, "p_param_36": 6.9952818526217975, "p_param_37": 20.165395015164147, "p_param_38": 1.3003110811330247, "p_param_39": 33.677454156352766, "p_param_4": 5.470341227333535, "p_param_40": 27.26302550171848, "p_param_41": 60.03853981190689, "p_param_42": 32.328987515239156, "p_param_43": 18.886936337488216, "p_param_44": 22.004767905659357, "p_param_45": 36.31787736859707, "p_param_46": 37.55133358371966, "p_param_47": 7.04782357611332, "p_param_48": 8.207951821657195, "p_param_49": 26.069665928828424, "p_param_5": 48.19967870270123, "p_param_50": 25.65936362332918, "p_param_51": 56.63815092804486, "p_param_52": 34.7058344226241, "p_param_53": 1.222749708942127, "p_param_54": 59.331319793028854, "p_param_55": 58.37931764284826, "p_param_56": 5.307074441539536, "p_param_57": 16.639954489727014, "p_param_58": 45.353788027415966, "p_param_59": 4.556220972270279, "p_param_6": 40.59737839163647, "p_param_60": 7.430136737841193, "p_param_61": 60.12192976942764, "p_param_62": 33.70287485595156, "p_param_63": 12.503995540775325, "p_param_64": 4.845236094102573, "p_param_65": 37.18202474797714, "p_param_66": 13.533091865920937, "p_param_67": 13.65396644843447, "p_param_68": 37.47113059363501, "p_param_69": 12.702409814496825, "p_param_7": 50.833228391054796, "p_param_70": 28.9166464573682, "p_param_71": 11.253136369813953, "p_param_72": 28.268578672276664, "p_param_73": 3.2213100050309924, "p_param_74": 27.105515913774266, "p_param_75": 31.48629407733508, "p_param_76": 48.35593219972296, "p_param_77": 62.78395099663192, "p_param_78": 9.154212633497085, "p_param_79": 39.017636068738675, "p_param_8": 32.611885160981736, "p_param_80": 24.69122325780094, "p_param_81": 21.5429138162438, "p_param_82": 22.576369716416682, "p_param_83": 38.88924411946128, "p_param_84": 42.64637355804645, "p_param_85": 1.755014754555448, "p_param_86": 2.206339055948256, "p_param_87": 12.635199579643615, "p_param_88": 27.030640333661257, "p_param_89": 55.09472111171854, "p_param_9": 11.948873562905804, "p_param_90": 9.950415385320603, "p_param_91": 9.53993431480044, "p_param_92": 33.487653566800034, "p_param_93": 54.27138140542505, "p_param_94": 16.545385409533402, "p_param_95": 59.359933267513725, "p_param_96": 50.14992800335402, "p_param_97": 16.366163715714524, "p_param_98": 52.31840910003061, "p_param_99": 18.78089658069044}