{"p_param_0": 4.31998123468506, "p_param_1": -0.9621934937661932, "p_param_10": 4.792209774326766, "p_param_11": -0.08352715283595273, "p_param_12": 1.8498351241371735, "p_param_13": -5.45680785520202, "p_param_14": 3.438525580250712, "p_param_15": 0.0497123245107927, "p_param_16": 3.0914499701299687, "p_param_17": 3.960005545921836, "p_param_18": -5.48230026778659, "p_param_19": 3.793336683755482, "p_param_2": -0.5539204150277787, "p_param_20": -3.0954915360439332, "p_param_21": -2.1593292698347644, "p_param_22": 3.204958864576952, "p_param_23": 5.534904747626008, "p_param_24": -3.2253769689513136, "p_param_25": 2.050076880822195, "p_param_26": 3.9913079460282037, "p_param_27": -3.5113023826547725, "p_param_28": -4.029904260003196, "p_param_29": 3.9897262910737337, "p_param_3": -0.27563081373459075, "p_param_30": 2.263346450846314, "p_param_31": 2.6065115470655527, "p_param_32": 1.8451251272729257, "p_param_33": -1.3999792114544976, "p_param_34": 3.50097317744478, "p_param_4": 5.327380867206341, "p_param_5": -0.40538411608554425, "p_param_6": 2.831958858518993, "p_param_7": -1.3673896307463658, "p_param_8": 5.894681145649444, "p_param_9": -2.710314276267384}