{"p_param_0": 5.4305367698212885, "p_param_1": 6.426136454998246, "p_param_10": -1.6481639885057204, "p_param_11": -0.7218006125893872, "p_param_12": 2.766224359334446, "p_param_13": -0.23119427844248777, "p_param_14": -1.754450884662078, "p_param_15": -0.5519002476468041, "p_param_16": -2.2670097900705044, "p_param_17": 5.1404288580121404, "p_param_18": 5.835785031003191, "p_param_19": 2.2586198821327677, "p_param_2": 3.542160145723907, "p_param_20": 0.356321072869809, "p_param_21": 0.13544668701678203, "p_param_22": -2.6005869627285287, "p_param_23": -2.113605363602485, "p_param_24": -1.9149706589144417, "p_param_25": -0.7109735037539672, "p_param_26": -0.8498644908236932, "p_param_27": 3.043778488778618, "p_param_28": 5.306886103581089, "p_param_29": -1.7008697029255577, "p_param_3": -0.5161453689625841, "p_param_30": -1.6298585936545196, "p_param_31": 0.3424249060138965, "p_param_32": 5.525195235059762, "p_param_33": 1.5300122340508475, "p_param_34": -2.1492332319563863, "p_param_35": 4.902290701638209, "p_param_36": 0.4221651218953571, "p_param_37": 5.311977024547945, "p_param_38": 5.280637220296946, "p_param_39": 1.3256600887462018, "p_param_4": 0.27827150807024376, "p_param_40": 2.699852439273662, "p_param_41": -6.251474383037217, "p_param_42": -1.0670791146159762, "p_param_43": 3.9477039710305246, "p_param_44": 3.2396815501309413, "p_param_45": -1.7751072175634008, "p_param_46": 4.668024380920231, "p_param_47": -2.7496707914467944, "p_param_48": -0.737754884122161, "p_param_49": -2.0435160034151187, "p_param_5": 2.4195791640413313, "p_param_50": 1.1508983612135695, "p_param_51": -4.989700318385463, "p_param_52": -5.3332486138290465, "p_param_53": 1.04402730628574, "p_param_54": -4.362160102922233, "p_param_55": 2.160323396204847, "p_param_56": 0.06703056557096103, "p_param_57": -0.7397697753687975, "p_param_58": -2.9812767063975336, "p_param_59": 3.641636057943229, "p_param_6": -1.4336424767003957, "p_param_60": -1.9233334619341054, "p_param_61": 2.325268481758193, "p_param_62": 2.9596549934944214, "p_param_63": 6.1948494401878005, "p_param_64": 2.0356838099230963, "p_param_65": -2.480528267786027, "p_param_66": 1.922766233374978, "p_param_67": 2.542757965073332, "p_param_68": 1.9199824467665887, "p_param_69": -5.456595820493898, "p_param_7": -2.9096619284030907, "p_param_8": -2.87225280063084, "p_param_9": 3.433809523818187}