{"p_param_0": 3.147497442762895, "p_param_1": 1.6230792675672494, "p_param_10": -3.2169752978290735, "p_param_11": 3.174262786543598, "p_param_12": -1.1081112782437736, "p_param_13": -4.4112756541776195, "p_param_14": -4.087553615881987, "p_param_15": -2.4559561831205814, "p_param_16": 4.6288491949163335, "p_param_17": -0.8849534242006607, "p_param_18": -2.9254060502805577, "p_param_19": 0.7446584874262225, "p_param_2": 0.13546096495579912, "p_param_20": 3.4026227295984772, "p_param_21": 3.6567411264576797, "p_param_22": -3.9175986706288093, "p_param_23": -3.6261847435637202, "p_param_24": -4.327727322044039, "p_param_25": -5.634990966687895, "p_param_26": 1.059303298800783, "p_param_27": 1.058130833290835, "p_param_28": 1.873645869508523, "p_param_29": -0.2894351356772601, "p_param_3": 3.977845626123998, "p_param_30": -2.6266571088658948, "p_param_31": 1.313426832996939, "p_param_32": 5.4855260912483015, "p_param_33": 4.884273018121556, "p_param_34": 2.4099644491070307, "p_param_4": -4.461349675902171, "p_param_5": -2.016143704964795, "p_param_6": 3.681860367854937, "p_param_7": -1.395586416423058, "p_param_8": -5.731955833844784, "p_param_9": 3.0553120289237405}