{"p_param_0": -1.1695169333525886, "p_param_1": -4.107010776195897, "p_param_10": 2.0230892479320977, "p_param_100": -4.430971333063871, "p_param_101": 0.08763458253589616, "p_param_102": 0.7650415800637895, "p_param_103": 3.860425757585214, "p_param_104": -4.63502082203041, "p_param_11": -2.9511955630225843, "p_param_12": 4.8103955999497074, "p_param_13": -6.266105630707887, "p_param_14": 5.899579203791268, "p_param_15": -2.7398937774770746, "p_param_16": -3.670135804924351, "p_param_17": 1.7360754998032382, "p_param_18": 0.9518616695179303, "p_param_19": -2.0668916965610045, "p_param_2": -4.424038915444542, "p_param_20": 6.085917837041331, "p_param_21": -4.38448794986472, "p_param_22": -5.244010780236169, "p_param_23": -5.63457731259636, "p_param_24": -4.573625613692814, "p_param_25": -2.031716065667597, "p_param_26": -3.2514897227532495, "p_param_27": 2.5110448197468083, "p_param_28": -4.112565370246, "p_param_29": 6.094012169970376, "p_param_3": 3.549858503005171, "p_param_30": -4.543591120205161, "p_param_31": -3.1184026259495865, "p_param_32": 0.23265627896232782, "p_param_33": 6.086385016672197, "p_param_34": -0.38592262413702383, "p_param_35": 3.47845888007031, "p_param_36": 3.2035835179219987, "p_param_37": 4.156520826465782, "p_param_38": 3.8209659193369974, "p_param_39": -2.8066462503303553, "p_param_4": -3.50654797758838, "p_param_40": 3.0677005277080376, "p_param_41": 5.6612945327575295, "p_param_42": 1.269389701964669, "p_param_43": -2.6082308108871164, "p_param_44": -1.571546063476757, "p_param_45": 1.4093784201858008, "p_param_46": -3.9188004107130463, "p_param_47": -4.113512793779126, "p_param_48": 5.282743173989006, "p_param_49": -0.57534479382546, "p_param_5": 1.8377697016239818, "p_param_50": 2.4090238888168973, "p_param_51": 0.7052846397610619, "p_param_52": 2.219614822962836, "p_param_53": -1.0075407420105955, "p_param_54": -3.2437086252995635, "p_param_55": 3.6814790247200517, "p_param_56": 1.6129442494011175, "p_param_57": -3.9418709132791383, "p_param_58": -3.8308477072598675, "p_param_59": 2.2062554118600115, "p_param_6": 3.715024460479571, "p_param_60": -5.2445999247344615, "p_param_61": 1.1605483936820347, "p_param_62": -5.021757920662199, "p_param_63": 5.3256926486440905, "p_param_64": 1.3712353625131626, "p_param_65": 0.47389294325225906, "p_param_66": 0.9774588277715386, "p_param_67": -1.2333852694150398, "p_param_68": -5.588341877624389, "p_param_69": -1.8254998920095418, "p_param_7": -2.93383902544041, "p_param_70": -1.4756915136522908, "p_param_71": 0.6642969474811583, "p_param_72": -2.4863531500566562, "p_param_73": -0.02423673188906172, "p_param_74": -5.331805975775958, "p_param_75": 3.4762909684691, "p_param_76": 1.684434452593883, "p_param_77": 2.2024082234319873, "p_param_78": -1.8235321240441709, "p_param_79": -3.501211735417672, "p_param_8": 5.32789935857151, "p_param_80": -5.050338315492019, "p_param_81": 5.28016759272667, "p_param_82": 4.210564279977103, "p_param_83": -3.2466612717081853, "p_param_84": 0.06671331592596585, "p_param_85": 0.46841078662585406, "p_param_86": 5.615412234884735, "p_param_87": 5.202641371044205, "p_param_88": 4.367152922598319, "p_param_89": -2.611911773907297, "p_param_9": 1.4068045221783674, "p_param_90": 2.6872746824867875, "p_param_91": 0.3357339605436457, "p_param_92": 2.3961600076642577, "p_param_93": -3.2041971995182896, "p_param_94": -5.506138333039333, "p_param_95": -0.9236513941689932, "p_param_96": 2.4145735518168223, "p_param_97": 2.537257100444324, "p_param_98": -0.7568379655983125, "p_param_99": 6.191013692894666}