{"p_param_0": -4.374539829702347, "p_param_1": -2.307139095411635, "p_param_10": 2.703733023306426, "p_param_11": -1.7289013454443443, "p_param_12": -2.4616057832416947, "p_param_13": 0.3144430103442328, "p_param_14": -1.5854318000201715, "p_param_15": 4.24997156475807, "p_param_16": -6.102800875714536, "p_param_17": -4.3210480345113815, "p_param_18": 5.9377634680445714, "p_param_19": -3.171090673694841, "p_param_2": 1.8691857194634784, "p_param_20": 4.772933305249426, "p_param_21": -4.935421758045304, "p_param_22": 5.010310121685983, "p_param_23": 5.662352362195444, "p_param_24": 6.762407404199891, "p_param_25": 5.102734703103869, "p_param_26": -3.042925106039502, "p_param_27": 0.5541879472101553, "p_param_28": 5.9561583092942225, "p_param_29": -0.3070263826479191, "p_param_3": 1.229643343340834, "p_param_30": -5.114038032235739, "p_param_31": -2.1321778229919714, "p_param_32": -1.9556353238090196, "p_param_33": -1.453965618113352, "p_param_34": 0.8816005842853061, "p_param_4": 2.8458730386280604, "p_param_5": -4.102993868324395, "p_param_6": -4.439261862667035, "p_param_7": 5.364388332480337, "p_param_8": -2.776914605504035, "p_param_9": -0.8864125603550742}